session_id,user_id,session_date,session_duration_seconds,screen
s00001,u0001,2026-04-06,419,streak
s00002,u0001,2026-04-07,84,streak
s00003,u0001,2026-04-08,256,streak
s00004,u0001,2026-04-09,55,home
s00005,u0002,2026-04-06,372,streak
s00006,u0002,2026-04-07,319,streak
s00007,u0002,2026-04-08,152,lesson
s00008,u0002,2026-04-09,341,lesson
s00009,u0003,2026-04-06,150,home
s00010,u0003,2026-04-07,92,lesson
s00011,u0003,2026-04-08,234,home
s00012,u0003,2026-04-09,223,home
s00013,u0004,2026-04-06,233,home
s00014,u0004,2026-04-07,322,home
s00015,u0004,2026-04-08,361,lesson
s00016,u0004,2026-04-09,225,streak
s00017,u0005,2026-04-06,159,home
s00018,u0005,2026-04-07,234,home
s00019,u0005,2026-04-08,272,lesson
s00020,u0005,2026-04-09,226,streak
s00021,u0006,2026-04-06,371,streak
s00022,u0006,2026-04-07,351,home
s00023,u0006,2026-04-08,127,streak
s00024,u0006,2026-04-09,413,streak
s00025,u0007,2026-04-06,68,lesson
s00026,u0007,2026-04-07,56,home
s00027,u0007,2026-04-08,245,lesson
s00028,u0007,2026-04-09,73,lesson
s00029,u0008,2026-04-06,295,streak
s00030,u0008,2026-04-07,369,lesson
s00031,u0008,2026-04-08,113,lesson
s00032,u0008,2026-04-09,111,lesson
s00033,u0009,2026-04-06,110,home
s00034,u0009,2026-04-07,292,streak
s00035,u0009,2026-04-08,64,home
s00036,u0009,2026-04-09,118,home
s00037,u0010,2026-04-06,279,streak
s00038,u0010,2026-04-07,168,streak
s00039,u0010,2026-04-08,45,streak
s00040,u0010,2026-04-09,409,streak
s00041,u0011,2026-04-06,97,lesson
s00042,u0011,2026-04-07,262,lesson
s00043,u0011,2026-04-08,272,home
s00044,u0011,2026-04-09,409,home
s00045,u0012,2026-04-06,192,streak
s00046,u0012,2026-04-07,299,streak
s00047,u0012,2026-04-08,141,streak
s00048,u0012,2026-04-09,231,home
s00049,u0013,2026-04-06,49,lesson
s00050,u0013,2026-04-07,225,home
s00051,u0013,2026-04-08,162,lesson
s00052,u0013,2026-04-09,163,home
s00053,u0014,2026-04-06,104,streak
s00054,u0014,2026-04-07,377,home
s00055,u0014,2026-04-08,321,lesson
s00056,u0014,2026-04-09,175,home
s00057,u0015,2026-04-06,142,streak
s00058,u0015,2026-04-07,199,streak
s00059,u0015,2026-04-08,383,lesson
s00060,u0015,2026-04-09,231,streak
s00061,u0016,2026-04-06,341,home
s00062,u0016,2026-04-07,157,streak
s00063,u0016,2026-04-08,152,streak
s00064,u0016,2026-04-09,76,home
s00065,u0017,2026-04-06,161,streak
s00066,u0017,2026-04-07,382,lesson
s00067,u0017,2026-04-08,149,lesson
s00068,u0017,2026-04-09,107,streak
s00069,u0018,2026-04-06,137,lesson
s00070,u0018,2026-04-07,89,home
s00071,u0018,2026-04-08,260,streak
s00072,u0018,2026-04-09,256,lesson
s00073,u0019,2026-04-06,71,home
s00074,u0019,2026-04-07,412,lesson
s00075,u0019,2026-04-08,95,lesson
s00076,u0019,2026-04-09,138,home
s00077,u0020,2026-04-06,78,home
s00078,u0020,2026-04-07,321,lesson
s00079,u0020,2026-04-08,65,home
s00080,u0020,2026-04-09,316,streak
s00081,u0021,2026-04-06,149,lesson
s00082,u0021,2026-04-07,70,lesson
s00083,u0021,2026-04-08,234,home
s00084,u0021,2026-04-09,239,home
s00085,u0022,2026-04-06,324,streak
s00086,u0022,2026-04-07,407,streak
s00087,u0022,2026-04-08,119,lesson
s00088,u0022,2026-04-09,191,home
s00089,u0023,2026-04-06,339,home
s00090,u0023,2026-04-07,297,lesson
s00091,u0023,2026-04-08,120,streak
s00092,u0023,2026-04-09,300,home
s00093,u0024,2026-04-06,331,home
s00094,u0024,2026-04-07,336,home
s00095,u0024,2026-04-08,60,streak
s00096,u0024,2026-04-09,81,streak
s00097,u0025,2026-04-06,162,lesson
s00098,u0025,2026-04-07,242,lesson
s00099,u0025,2026-04-08,383,home
s00100,u0025,2026-04-09,193,streak
s00101,u0026,2026-04-06,91,streak
s00102,u0026,2026-04-07,315,home
s00103,u0026,2026-04-08,299,home
s00104,u0026,2026-04-09,107,lesson
s00105,u0027,2026-04-06,318,lesson
s00106,u0027,2026-04-07,194,streak
s00107,u0027,2026-04-08,374,streak
s00108,u0027,2026-04-09,44,streak
s00109,u0028,2026-04-06,99,lesson
s00110,u0028,2026-04-07,420,home
s00111,u0028,2026-04-08,119,streak
s00112,u0028,2026-04-09,184,lesson
s00113,u0029,2026-04-06,290,streak
s00114,u0029,2026-04-07,66,lesson
s00115,u0029,2026-04-08,364,home
s00116,u0029,2026-04-09,181,lesson
s00117,u0030,2026-04-06,419,home
s00118,u0030,2026-04-07,322,lesson
s00119,u0030,2026-04-08,258,streak
s00120,u0030,2026-04-09,44,streak
s00121,u0031,2026-04-06,322,streak
s00122,u0031,2026-04-07,260,home
s00123,u0031,2026-04-08,61,home
s00124,u0031,2026-04-09,226,lesson
s00125,u0032,2026-04-06,167,streak
s00126,u0032,2026-04-07,92,streak
s00127,u0032,2026-04-08,326,lesson
s00128,u0032,2026-04-09,357,lesson
s00129,u0033,2026-04-06,52,lesson
s00130,u0033,2026-04-07,417,home
s00131,u0033,2026-04-08,250,lesson
s00132,u0033,2026-04-09,416,streak
s00133,u0034,2026-04-06,153,lesson
s00134,u0034,2026-04-07,275,home
s00135,u0034,2026-04-08,196,lesson
s00136,u0034,2026-04-09,154,home
s00137,u0035,2026-04-06,219,lesson
s00138,u0035,2026-04-07,300,streak
s00139,u0035,2026-04-08,387,lesson
s00140,u0035,2026-04-09,209,streak
s00141,u0036,2026-04-06,59,lesson
s00142,u0036,2026-04-07,345,home
s00143,u0036,2026-04-08,216,lesson
s00144,u0036,2026-04-09,200,streak
s00145,u0037,2026-04-06,40,lesson
s00146,u0037,2026-04-07,315,streak
s00147,u0037,2026-04-08,408,streak
s00148,u0037,2026-04-09,417,streak
s00149,u0038,2026-04-06,379,lesson
s00150,u0038,2026-04-07,408,home
s00151,u0038,2026-04-08,299,lesson
s00152,u0038,2026-04-09,381,lesson
s00153,u0039,2026-04-06,386,lesson
s00154,u0039,2026-04-07,129,streak
s00155,u0039,2026-04-08,331,streak
s00156,u0039,2026-04-09,247,lesson
s00157,u0040,2026-04-06,204,streak
s00158,u0040,2026-04-07,266,lesson
s00159,u0040,2026-04-08,385,lesson
s00160,u0040,2026-04-09,301,home
s00161,u0041,2026-04-06,303,lesson
s00162,u0041,2026-04-07,364,streak
s00163,u0041,2026-04-08,211,streak
s00164,u0041,2026-04-09,160,home
s00165,u0042,2026-04-06,77,streak
s00166,u0042,2026-04-07,252,lesson
s00167,u0042,2026-04-08,334,streak
s00168,u0042,2026-04-09,407,home
s00169,u0043,2026-04-06,257,home
s00170,u0043,2026-04-07,130,home
s00171,u0043,2026-04-08,305,streak
s00172,u0043,2026-04-09,65,lesson
s00173,u0044,2026-04-06,311,streak
s00174,u0044,2026-04-07,344,streak
s00175,u0044,2026-04-08,266,lesson
s00176,u0044,2026-04-09,408,streak
s00177,u0045,2026-04-06,270,lesson
s00178,u0045,2026-04-07,166,lesson
s00179,u0045,2026-04-08,181,streak
s00180,u0045,2026-04-09,288,streak
s00181,u0046,2026-04-06,316,lesson
s00182,u0046,2026-04-07,110,home
s00183,u0046,2026-04-08,158,home
s00184,u0046,2026-04-09,395,lesson
s00185,u0047,2026-04-06,252,lesson
s00186,u0047,2026-04-07,145,home
s00187,u0047,2026-04-08,239,lesson
s00188,u0047,2026-04-09,396,streak
s00189,u0048,2026-04-06,254,lesson
s00190,u0048,2026-04-07,416,streak
s00191,u0048,2026-04-08,348,streak
s00192,u0048,2026-04-09,289,home
s00193,u0049,2026-04-06,247,streak
s00194,u0049,2026-04-07,124,streak
s00195,u0049,2026-04-08,105,lesson
s00196,u0049,2026-04-09,313,streak
s00197,u0050,2026-04-06,133,lesson
s00198,u0050,2026-04-07,173,home
s00199,u0050,2026-04-08,207,lesson
s00200,u0050,2026-04-09,272,home
s00201,u0051,2026-04-06,81,lesson
s00202,u0051,2026-04-07,49,lesson
s00203,u0051,2026-04-08,316,streak
s00204,u0051,2026-04-09,219,home
s00205,u0052,2026-04-06,166,home
s00206,u0052,2026-04-07,50,home
s00207,u0052,2026-04-08,118,streak
s00208,u0052,2026-04-09,104,home
s00209,u0053,2026-04-06,125,lesson
s00210,u0053,2026-04-07,350,streak
s00211,u0053,2026-04-08,407,streak
s00212,u0053,2026-04-09,123,home
s00213,u0054,2026-04-06,243,lesson
s00214,u0054,2026-04-07,141,streak
s00215,u0054,2026-04-08,343,home
s00216,u0054,2026-04-09,361,streak
s00217,u0055,2026-04-06,217,home
s00218,u0055,2026-04-07,259,streak
s00219,u0055,2026-04-08,229,streak
s00220,u0055,2026-04-09,299,home
s00221,u0056,2026-04-06,275,streak
s00222,u0056,2026-04-07,118,streak
s00223,u0056,2026-04-08,130,lesson
s00224,u0056,2026-04-09,307,streak
s00225,u0057,2026-04-06,414,lesson
s00226,u0057,2026-04-07,177,streak
s00227,u0057,2026-04-08,165,lesson
s00228,u0057,2026-04-09,182,home
s00229,u0058,2026-04-06,293,home
s00230,u0058,2026-04-07,133,lesson
s00231,u0058,2026-04-08,148,lesson
s00232,u0058,2026-04-09,172,lesson
s00233,u0059,2026-04-06,137,streak
s00234,u0059,2026-04-07,163,home
s00235,u0059,2026-04-08,248,streak
s00236,u0059,2026-04-09,324,lesson
s00237,u0060,2026-04-06,190,home
s00238,u0060,2026-04-07,247,home
s00239,u0060,2026-04-08,164,streak
s00240,u0060,2026-04-09,379,lesson
s00241,u0061,2026-04-06,220,lesson
s00242,u0061,2026-04-07,272,streak
s00243,u0061,2026-04-08,196,lesson
s00244,u0061,2026-04-09,158,lesson
s00245,u0062,2026-04-06,134,streak
s00246,u0062,2026-04-07,150,home
s00247,u0062,2026-04-08,287,streak
s00248,u0062,2026-04-09,410,lesson
s00249,u0063,2026-04-06,224,home
s00250,u0063,2026-04-07,194,home
s00251,u0063,2026-04-08,402,home
s00252,u0063,2026-04-09,104,streak
s00253,u0064,2026-04-06,366,home
s00254,u0064,2026-04-07,92,lesson
s00255,u0064,2026-04-08,333,home
s00256,u0064,2026-04-09,280,lesson
s00257,u0065,2026-04-06,245,home
s00258,u0065,2026-04-07,77,lesson
s00259,u0065,2026-04-08,362,streak
s00260,u0065,2026-04-09,67,streak
s00261,u0066,2026-04-06,100,home
s00262,u0066,2026-04-07,253,streak
s00263,u0066,2026-04-08,345,streak
s00264,u0066,2026-04-09,155,streak
s00265,u0067,2026-04-06,331,lesson
s00266,u0067,2026-04-07,70,streak
s00267,u0067,2026-04-08,418,streak
s00268,u0067,2026-04-09,146,home
s00269,u0068,2026-04-06,41,home
s00270,u0068,2026-04-07,270,lesson
s00271,u0068,2026-04-08,344,streak
s00272,u0068,2026-04-09,189,lesson
s00273,u0069,2026-04-06,391,home
s00274,u0069,2026-04-07,175,home
s00275,u0069,2026-04-08,341,streak
s00276,u0069,2026-04-09,141,streak
s00277,u0070,2026-04-06,124,home
s00278,u0070,2026-04-07,344,lesson
s00279,u0070,2026-04-08,331,streak
s00280,u0070,2026-04-09,264,lesson
s00281,u0071,2026-04-06,316,streak
s00282,u0071,2026-04-07,264,lesson
s00283,u0071,2026-04-08,346,home
s00284,u0071,2026-04-09,261,home
s00285,u0072,2026-04-06,384,home
s00286,u0072,2026-04-07,335,lesson
s00287,u0072,2026-04-08,129,home
s00288,u0072,2026-04-09,305,lesson
s00289,u0073,2026-04-06,86,lesson
s00290,u0073,2026-04-07,218,lesson
s00291,u0073,2026-04-08,210,lesson
s00292,u0073,2026-04-09,383,lesson
s00293,u0074,2026-04-06,245,streak
s00294,u0074,2026-04-07,58,streak
s00295,u0074,2026-04-08,85,lesson
s00296,u0074,2026-04-09,169,lesson
s00297,u0075,2026-04-06,276,streak
s00298,u0075,2026-04-07,67,lesson
s00299,u0075,2026-04-08,305,home
s00300,u0075,2026-04-09,358,lesson
s00301,u0076,2026-04-06,187,home
s00302,u0076,2026-04-07,397,lesson
s00303,u0076,2026-04-08,102,lesson
s00304,u0076,2026-04-09,362,home
s00305,u0077,2026-04-06,155,home
s00306,u0077,2026-04-07,276,home
s00307,u0077,2026-04-08,371,home
s00308,u0077,2026-04-09,295,home
s00309,u0078,2026-04-06,273,home
s00310,u0078,2026-04-07,114,streak
s00311,u0078,2026-04-08,137,lesson
s00312,u0078,2026-04-09,300,streak
s00313,u0079,2026-04-06,176,streak
s00314,u0079,2026-04-07,184,home
s00315,u0079,2026-04-08,192,streak
s00316,u0079,2026-04-09,336,streak
s00317,u0080,2026-04-06,322,lesson
s00318,u0080,2026-04-07,233,streak
s00319,u0080,2026-04-08,204,lesson
s00320,u0080,2026-04-09,397,home
s00321,u0081,2026-04-13,282,lesson
s00322,u0081,2026-04-14,235,streak
s00323,u0081,2026-04-15,379,lesson
s00324,u0081,2026-04-16,117,streak
s00325,u0082,2026-04-13,91,lesson
s00326,u0082,2026-04-14,273,streak
s00327,u0082,2026-04-15,409,home
s00328,u0082,2026-04-16,249,home
s00329,u0083,2026-04-13,372,lesson
s00330,u0083,2026-04-14,208,home
s00331,u0083,2026-04-15,313,streak
s00332,u0083,2026-04-16,202,lesson
s00333,u0084,2026-04-13,160,home
s00334,u0084,2026-04-14,390,streak
s00335,u0084,2026-04-15,156,lesson
s00336,u0084,2026-04-16,86,streak
s00337,u0085,2026-04-13,193,streak
s00338,u0085,2026-04-14,63,home
s00339,u0085,2026-04-15,68,lesson
s00340,u0085,2026-04-16,223,lesson
s00341,u0086,2026-04-13,80,home
s00342,u0086,2026-04-14,235,streak
s00343,u0086,2026-04-15,389,streak
s00344,u0086,2026-04-16,294,home
s00345,u0087,2026-04-13,278,home
s00346,u0087,2026-04-14,386,lesson
s00347,u0087,2026-04-15,120,streak
s00348,u0087,2026-04-16,266,home
s00349,u0088,2026-04-13,273,lesson
s00350,u0088,2026-04-14,141,lesson
s00351,u0088,2026-04-15,287,lesson
s00352,u0088,2026-04-16,161,home
s00353,u0089,2026-04-13,242,streak
s00354,u0089,2026-04-14,44,lesson
s00355,u0089,2026-04-15,391,streak
s00356,u0089,2026-04-16,65,streak
s00357,u0090,2026-04-13,220,streak
s00358,u0090,2026-04-14,365,home
s00359,u0090,2026-04-15,357,home
s00360,u0090,2026-04-16,387,lesson
s00361,u0091,2026-04-13,370,streak
s00362,u0091,2026-04-14,198,home
s00363,u0091,2026-04-15,57,lesson
s00364,u0091,2026-04-16,226,streak
s00365,u0092,2026-04-13,316,home
s00366,u0092,2026-04-14,311,lesson
s00367,u0092,2026-04-15,179,streak
s00368,u0092,2026-04-16,171,home
s00369,u0093,2026-04-13,279,home
s00370,u0093,2026-04-14,112,home
s00371,u0093,2026-04-15,386,home
s00372,u0093,2026-04-16,385,streak
s00373,u0094,2026-04-13,175,home
s00374,u0094,2026-04-14,103,streak
s00375,u0094,2026-04-15,228,lesson
s00376,u0094,2026-04-16,384,streak
s00377,u0095,2026-04-13,159,streak
s00378,u0095,2026-04-14,52,lesson
s00379,u0095,2026-04-15,327,streak
s00380,u0095,2026-04-16,352,lesson
s00381,u0096,2026-04-13,99,lesson
s00382,u0096,2026-04-14,63,home
s00383,u0096,2026-04-15,195,home
s00384,u0096,2026-04-16,99,lesson
s00385,u0097,2026-04-13,254,streak
s00386,u0097,2026-04-14,420,streak
s00387,u0097,2026-04-15,119,streak
s00388,u0097,2026-04-16,375,lesson
s00389,u0098,2026-04-13,393,home
s00390,u0098,2026-04-14,151,lesson
s00391,u0098,2026-04-15,267,lesson
s00392,u0098,2026-04-16,225,home
s00393,u0099,2026-04-13,137,lesson
s00394,u0099,2026-04-14,272,home
s00395,u0099,2026-04-15,379,home
s00396,u0099,2026-04-16,368,home
s00397,u0100,2026-04-13,145,streak
s00398,u0100,2026-04-14,323,home
s00399,u0100,2026-04-15,340,home
s00400,u0100,2026-04-16,159,home
s00401,u0101,2026-04-13,106,home
s00402,u0101,2026-04-14,168,streak
s00403,u0101,2026-04-15,96,home
s00404,u0101,2026-04-16,53,streak
s00405,u0102,2026-04-13,66,lesson
s00406,u0102,2026-04-14,419,home
s00407,u0102,2026-04-15,309,lesson
s00408,u0102,2026-04-16,72,home
s00409,u0103,2026-04-13,412,home
s00410,u0103,2026-04-14,306,streak
s00411,u0103,2026-04-15,274,lesson
s00412,u0103,2026-04-16,55,streak
s00413,u0104,2026-04-13,404,lesson
s00414,u0104,2026-04-14,77,lesson
s00415,u0104,2026-04-15,204,home
s00416,u0104,2026-04-16,115,streak
s00417,u0105,2026-04-13,311,streak
s00418,u0105,2026-04-14,272,lesson
s00419,u0105,2026-04-15,349,streak
s00420,u0105,2026-04-16,90,lesson
s00421,u0106,2026-04-13,260,home
s00422,u0106,2026-04-14,156,lesson
s00423,u0106,2026-04-15,213,lesson
s00424,u0106,2026-04-16,244,lesson
s00425,u0107,2026-04-13,391,home
s00426,u0107,2026-04-14,74,lesson
s00427,u0107,2026-04-15,83,home
s00428,u0107,2026-04-16,261,home
s00429,u0108,2026-04-13,208,streak
s00430,u0108,2026-04-14,102,streak
s00431,u0108,2026-04-15,221,lesson
s00432,u0108,2026-04-16,256,streak
s00433,u0109,2026-04-13,335,home
s00434,u0109,2026-04-14,148,streak
s00435,u0109,2026-04-15,376,home
s00436,u0109,2026-04-16,154,lesson
s00437,u0110,2026-04-13,259,home
s00438,u0110,2026-04-14,358,streak
s00439,u0110,2026-04-15,385,streak
s00440,u0110,2026-04-16,325,streak
s00441,u0111,2026-04-13,179,home
s00442,u0111,2026-04-14,198,streak
s00443,u0111,2026-04-15,219,lesson
s00444,u0111,2026-04-16,132,home
s00445,u0112,2026-04-13,311,streak
s00446,u0112,2026-04-14,232,home
s00447,u0112,2026-04-15,272,lesson
s00448,u0112,2026-04-16,120,lesson
s00449,u0113,2026-04-13,119,home
s00450,u0113,2026-04-14,356,home
s00451,u0113,2026-04-15,385,home
s00452,u0113,2026-04-16,179,home
s00453,u0114,2026-04-13,98,streak
s00454,u0114,2026-04-14,260,lesson
s00455,u0114,2026-04-15,185,home
s00456,u0114,2026-04-16,387,streak
s00457,u0115,2026-04-13,43,home
s00458,u0115,2026-04-14,194,home
s00459,u0115,2026-04-15,110,home
s00460,u0115,2026-04-16,188,lesson
s00461,u0116,2026-04-13,312,lesson
s00462,u0116,2026-04-14,157,streak
s00463,u0116,2026-04-15,326,streak
s00464,u0116,2026-04-16,221,streak
s00465,u0117,2026-04-13,333,lesson
s00466,u0117,2026-04-14,403,lesson
s00467,u0117,2026-04-15,253,streak
s00468,u0117,2026-04-16,98,lesson
s00469,u0118,2026-04-13,225,streak
s00470,u0118,2026-04-14,263,home
s00471,u0118,2026-04-15,164,home
s00472,u0118,2026-04-16,341,lesson
s00473,u0119,2026-04-13,79,home
s00474,u0119,2026-04-14,364,streak
s00475,u0119,2026-04-15,311,home
s00476,u0119,2026-04-16,139,streak
s00477,u0120,2026-04-13,114,home
s00478,u0120,2026-04-14,141,lesson
s00479,u0120,2026-04-15,348,home
s00480,u0120,2026-04-16,375,home
s00481,u0121,2026-04-13,336,streak
s00482,u0121,2026-04-14,388,lesson
s00483,u0121,2026-04-15,369,streak
s00484,u0121,2026-04-16,359,streak
s00485,u0122,2026-04-13,342,lesson
s00486,u0122,2026-04-14,220,home
s00487,u0122,2026-04-15,77,streak
s00488,u0122,2026-04-16,276,lesson
s00489,u0123,2026-04-13,299,streak
s00490,u0123,2026-04-14,276,lesson
s00491,u0123,2026-04-15,323,streak
s00492,u0123,2026-04-16,61,streak
s00493,u0124,2026-04-13,117,streak
s00494,u0124,2026-04-14,270,home
s00495,u0124,2026-04-15,215,home
s00496,u0124,2026-04-16,83,streak
s00497,u0125,2026-04-13,352,streak
s00498,u0125,2026-04-14,226,home
s00499,u0125,2026-04-15,184,lesson
s00500,u0125,2026-04-16,249,lesson
s00501,u0126,2026-04-13,208,home
s00502,u0126,2026-04-14,325,home
s00503,u0126,2026-04-15,237,streak
s00504,u0126,2026-04-16,169,lesson
s00505,u0127,2026-04-13,338,home
s00506,u0127,2026-04-14,112,streak
s00507,u0127,2026-04-15,198,lesson
s00508,u0127,2026-04-16,397,streak
s00509,u0128,2026-04-13,208,streak
s00510,u0128,2026-04-14,383,home
s00511,u0128,2026-04-15,418,streak
s00512,u0128,2026-04-16,309,streak
s00513,u0129,2026-04-13,132,lesson
s00514,u0129,2026-04-14,214,home
s00515,u0129,2026-04-15,138,lesson
s00516,u0129,2026-04-16,110,home
s00517,u0130,2026-04-13,309,streak
s00518,u0130,2026-04-14,378,home
s00519,u0130,2026-04-15,356,lesson
s00520,u0130,2026-04-16,345,home
s00521,u0131,2026-04-13,409,home
s00522,u0131,2026-04-14,62,lesson
s00523,u0131,2026-04-15,226,lesson
s00524,u0131,2026-04-16,408,streak
s00525,u0132,2026-04-13,280,lesson
s00526,u0132,2026-04-14,228,home
s00527,u0132,2026-04-15,332,streak
s00528,u0132,2026-04-16,276,lesson
s00529,u0133,2026-04-13,349,home
s00530,u0133,2026-04-14,168,home
s00531,u0133,2026-04-15,368,home
s00532,u0133,2026-04-16,230,lesson
s00533,u0134,2026-04-13,179,home
s00534,u0134,2026-04-14,302,lesson
s00535,u0134,2026-04-15,263,home
s00536,u0134,2026-04-16,153,home
s00537,u0135,2026-04-13,231,streak
s00538,u0135,2026-04-14,237,home
s00539,u0135,2026-04-15,231,home
s00540,u0135,2026-04-16,54,home
s00541,u0136,2026-04-13,110,home
s00542,u0136,2026-04-14,186,home
s00543,u0136,2026-04-15,396,lesson
s00544,u0136,2026-04-16,401,home
s00545,u0137,2026-04-13,412,streak
s00546,u0137,2026-04-14,310,streak
s00547,u0137,2026-04-15,96,lesson
s00548,u0137,2026-04-16,161,lesson
s00549,u0138,2026-04-13,72,lesson
s00550,u0138,2026-04-14,295,home
s00551,u0138,2026-04-15,314,streak
s00552,u0138,2026-04-16,363,home
s00553,u0139,2026-04-13,332,home
s00554,u0139,2026-04-14,135,lesson
s00555,u0139,2026-04-15,382,streak
s00556,u0139,2026-04-16,308,home
s00557,u0140,2026-04-13,50,streak
s00558,u0140,2026-04-14,280,lesson
s00559,u0140,2026-04-15,365,home
s00560,u0140,2026-04-16,231,lesson
s00561,u0141,2026-04-13,93,streak
s00562,u0141,2026-04-14,416,streak
s00563,u0141,2026-04-15,108,lesson
s00564,u0141,2026-04-16,220,home
s00565,u0142,2026-04-13,133,streak
s00566,u0142,2026-04-14,72,home
s00567,u0142,2026-04-15,274,streak
s00568,u0142,2026-04-16,190,home
s00569,u0143,2026-04-13,303,lesson
s00570,u0143,2026-04-14,318,lesson
s00571,u0143,2026-04-15,169,lesson
s00572,u0143,2026-04-16,371,home
s00573,u0144,2026-04-13,228,home
s00574,u0144,2026-04-14,244,lesson
s00575,u0144,2026-04-15,265,streak
s00576,u0144,2026-04-16,213,lesson
s00577,u0145,2026-04-13,257,streak
s00578,u0145,2026-04-14,260,home
s00579,u0145,2026-04-15,132,streak
s00580,u0145,2026-04-16,190,streak
s00581,u0146,2026-04-13,407,streak
s00582,u0146,2026-04-14,125,lesson
s00583,u0146,2026-04-15,267,streak
s00584,u0146,2026-04-16,268,lesson
s00585,u0147,2026-04-13,366,streak
s00586,u0147,2026-04-14,226,lesson
s00587,u0147,2026-04-15,387,streak
s00588,u0147,2026-04-16,55,home
s00589,u0148,2026-04-13,160,home
s00590,u0148,2026-04-14,227,streak
s00591,u0148,2026-04-15,236,lesson
s00592,u0148,2026-04-16,56,streak
s00593,u0149,2026-04-13,311,home
s00594,u0149,2026-04-14,243,lesson
s00595,u0149,2026-04-15,372,lesson
s00596,u0149,2026-04-16,167,lesson
s00597,u0150,2026-04-13,173,lesson
s00598,u0150,2026-04-14,268,streak
s00599,u0150,2026-04-15,353,home
s00600,u0150,2026-04-16,395,lesson
s00601,u0151,2026-04-13,405,home
s00602,u0151,2026-04-14,84,lesson
s00603,u0151,2026-04-15,203,streak
s00604,u0151,2026-04-16,217,streak
s00605,u0152,2026-04-13,403,streak
s00606,u0152,2026-04-14,366,streak
s00607,u0152,2026-04-15,225,home
s00608,u0152,2026-04-16,154,streak
s00609,u0153,2026-04-13,224,home
s00610,u0153,2026-04-14,333,streak
s00611,u0153,2026-04-15,279,lesson
s00612,u0153,2026-04-16,106,streak
s00613,u0154,2026-04-13,250,streak
s00614,u0154,2026-04-14,334,lesson
s00615,u0154,2026-04-15,104,home
s00616,u0154,2026-04-16,368,lesson
s00617,u0155,2026-04-13,340,streak
s00618,u0155,2026-04-14,106,home
s00619,u0155,2026-04-15,297,lesson
s00620,u0155,2026-04-16,103,home
s00621,u0156,2026-04-13,185,streak
s00622,u0156,2026-04-14,168,home
s00623,u0156,2026-04-15,365,home
s00624,u0156,2026-04-16,180,streak
s00625,u0157,2026-04-13,343,home
s00626,u0157,2026-04-14,118,streak
s00627,u0157,2026-04-15,377,home
s00628,u0157,2026-04-16,408,streak
s00629,u0158,2026-04-13,63,home
s00630,u0158,2026-04-14,335,streak
s00631,u0158,2026-04-15,373,lesson
s00632,u0158,2026-04-16,332,home
s00633,u0159,2026-04-13,165,lesson
s00634,u0159,2026-04-14,247,streak
s00635,u0159,2026-04-15,272,lesson
s00636,u0159,2026-04-16,392,home
s00637,u0160,2026-04-13,113,streak
s00638,u0160,2026-04-14,407,lesson
s00639,u0160,2026-04-15,415,lesson
s00640,u0160,2026-04-16,244,lesson
s00641,u0161,2026-04-20,270,lesson
s00642,u0161,2026-04-21,112,home
s00643,u0161,2026-04-22,65,home
s00644,u0161,2026-04-23,236,lesson
s00645,u0162,2026-04-20,200,streak
s00646,u0162,2026-04-21,121,home
s00647,u0162,2026-04-22,303,lesson
s00648,u0162,2026-04-23,295,lesson
s00649,u0163,2026-04-20,150,home
s00650,u0163,2026-04-21,220,streak
s00651,u0163,2026-04-22,65,home
s00652,u0163,2026-04-23,293,lesson
s00653,u0164,2026-04-20,260,home
s00654,u0164,2026-04-21,175,home
s00655,u0164,2026-04-22,227,streak
s00656,u0164,2026-04-23,227,lesson
s00657,u0165,2026-04-20,77,lesson
s00658,u0165,2026-04-21,298,lesson
s00659,u0165,2026-04-22,321,lesson
s00660,u0165,2026-04-23,359,lesson
s00661,u0166,2026-04-20,325,lesson
s00662,u0166,2026-04-21,113,lesson
s00663,u0166,2026-04-22,348,home
s00664,u0166,2026-04-23,245,streak
s00665,u0167,2026-04-20,116,lesson
s00666,u0167,2026-04-21,303,streak
s00667,u0167,2026-04-22,207,home
s00668,u0167,2026-04-23,203,streak
s00669,u0168,2026-04-20,290,streak
s00670,u0168,2026-04-21,328,streak
s00671,u0168,2026-04-22,283,lesson
s00672,u0168,2026-04-23,228,home
s00673,u0169,2026-04-20,392,streak
s00674,u0169,2026-04-21,53,streak
s00675,u0169,2026-04-22,282,streak
s00676,u0169,2026-04-23,375,lesson
s00677,u0170,2026-04-20,362,streak
s00678,u0170,2026-04-21,357,streak
s00679,u0170,2026-04-22,115,lesson
s00680,u0170,2026-04-23,164,streak
s00681,u0171,2026-04-20,254,lesson
s00682,u0171,2026-04-21,251,home
s00683,u0171,2026-04-22,144,streak
s00684,u0171,2026-04-23,296,lesson
s00685,u0172,2026-04-20,146,streak
s00686,u0172,2026-04-21,206,streak
s00687,u0172,2026-04-22,284,streak
s00688,u0172,2026-04-23,232,streak
s00689,u0173,2026-04-20,386,lesson
s00690,u0173,2026-04-21,388,streak
s00691,u0173,2026-04-22,394,streak
s00692,u0173,2026-04-23,352,lesson
s00693,u0174,2026-04-20,400,lesson
s00694,u0174,2026-04-21,393,home
s00695,u0174,2026-04-22,290,streak
s00696,u0174,2026-04-23,285,lesson
s00697,u0175,2026-04-20,333,home
s00698,u0175,2026-04-21,318,streak
s00699,u0175,2026-04-22,242,lesson
s00700,u0175,2026-04-23,114,lesson
s00701,u0176,2026-04-20,285,lesson
s00702,u0176,2026-04-21,143,home
s00703,u0176,2026-04-22,178,streak
s00704,u0176,2026-04-23,396,streak
s00705,u0177,2026-04-20,155,streak
s00706,u0177,2026-04-21,159,streak
s00707,u0177,2026-04-22,91,home
s00708,u0177,2026-04-23,209,lesson
s00709,u0178,2026-04-20,248,home
s00710,u0178,2026-04-21,283,streak
s00711,u0178,2026-04-22,373,lesson
s00712,u0178,2026-04-23,187,home
s00713,u0179,2026-04-20,410,streak
s00714,u0179,2026-04-21,129,home
s00715,u0179,2026-04-22,130,lesson
s00716,u0179,2026-04-23,243,home
s00717,u0180,2026-04-20,44,home
s00718,u0180,2026-04-21,330,lesson
s00719,u0180,2026-04-22,94,streak
s00720,u0180,2026-04-23,185,lesson
s00721,u0181,2026-04-20,279,streak
s00722,u0181,2026-04-21,138,lesson
s00723,u0181,2026-04-22,209,home
s00724,u0181,2026-04-23,414,home
s00725,u0182,2026-04-20,138,streak
s00726,u0182,2026-04-21,352,home
s00727,u0182,2026-04-22,247,streak
s00728,u0182,2026-04-23,303,lesson
s00729,u0183,2026-04-20,205,lesson
s00730,u0183,2026-04-21,43,home
s00731,u0183,2026-04-22,236,lesson
s00732,u0183,2026-04-23,268,home
s00733,u0184,2026-04-20,160,streak
s00734,u0184,2026-04-21,381,home
s00735,u0184,2026-04-22,278,home
s00736,u0184,2026-04-23,121,lesson
s00737,u0185,2026-04-20,100,streak
s00738,u0185,2026-04-21,191,streak
s00739,u0185,2026-04-22,354,lesson
s00740,u0185,2026-04-23,152,home
s00741,u0186,2026-04-20,399,lesson
s00742,u0186,2026-04-21,281,streak
s00743,u0186,2026-04-22,380,streak
s00744,u0186,2026-04-23,166,home
s00745,u0187,2026-04-20,225,streak
s00746,u0187,2026-04-21,328,home
s00747,u0187,2026-04-22,71,home
s00748,u0187,2026-04-23,298,streak
s00749,u0188,2026-04-20,99,lesson
s00750,u0188,2026-04-21,145,streak
s00751,u0188,2026-04-22,338,streak
s00752,u0188,2026-04-23,86,lesson
s00753,u0189,2026-04-20,276,streak
s00754,u0189,2026-04-21,197,streak
s00755,u0189,2026-04-22,51,streak
s00756,u0189,2026-04-23,170,lesson
s00757,u0190,2026-04-20,72,streak
s00758,u0190,2026-04-21,70,streak
s00759,u0190,2026-04-22,281,home
s00760,u0190,2026-04-23,186,home
s00761,u0191,2026-04-20,231,lesson
s00762,u0191,2026-04-21,269,lesson
s00763,u0191,2026-04-22,232,lesson
s00764,u0191,2026-04-23,389,home
s00765,u0192,2026-04-20,315,home
s00766,u0192,2026-04-21,310,lesson
s00767,u0192,2026-04-22,412,home
s00768,u0192,2026-04-23,41,home
s00769,u0193,2026-04-20,234,streak
s00770,u0193,2026-04-21,166,home
s00771,u0193,2026-04-22,217,lesson
s00772,u0193,2026-04-23,181,home
s00773,u0194,2026-04-20,254,streak
s00774,u0194,2026-04-21,48,streak
s00775,u0194,2026-04-22,145,home
s00776,u0194,2026-04-23,91,home
s00777,u0195,2026-04-20,264,lesson
s00778,u0195,2026-04-21,316,home
s00779,u0195,2026-04-22,68,home
s00780,u0195,2026-04-23,297,home
s00781,u0196,2026-04-20,204,streak
s00782,u0196,2026-04-21,194,home
s00783,u0196,2026-04-22,378,home
s00784,u0196,2026-04-23,153,streak
s00785,u0197,2026-04-20,360,home
s00786,u0197,2026-04-21,258,streak
s00787,u0197,2026-04-22,293,streak
s00788,u0197,2026-04-23,216,home
s00789,u0198,2026-04-20,116,lesson
s00790,u0198,2026-04-21,232,lesson
s00791,u0198,2026-04-22,315,home
s00792,u0198,2026-04-23,163,lesson
s00793,u0199,2026-04-20,253,lesson
s00794,u0199,2026-04-21,311,streak
s00795,u0199,2026-04-22,238,home
s00796,u0199,2026-04-23,170,home
s00797,u0200,2026-04-20,314,home
s00798,u0200,2026-04-21,137,streak
s00799,u0200,2026-04-22,177,home
s00800,u0200,2026-04-23,384,lesson
s00801,u0201,2026-04-20,326,streak
s00802,u0201,2026-04-21,285,home
s00803,u0201,2026-04-22,210,home
s00804,u0201,2026-04-23,47,lesson
s00805,u0202,2026-04-20,396,home
s00806,u0202,2026-04-21,400,streak
s00807,u0202,2026-04-22,243,home
s00808,u0202,2026-04-23,322,home
s00809,u0203,2026-04-20,302,lesson
s00810,u0203,2026-04-21,278,lesson
s00811,u0203,2026-04-22,409,home
s00812,u0203,2026-04-23,203,lesson
s00813,u0204,2026-04-20,48,home
s00814,u0204,2026-04-21,323,lesson
s00815,u0204,2026-04-22,336,streak
s00816,u0204,2026-04-23,253,streak
s00817,u0205,2026-04-20,375,streak
s00818,u0205,2026-04-21,212,streak
s00819,u0205,2026-04-22,290,lesson
s00820,u0205,2026-04-23,368,streak
s00821,u0206,2026-04-20,134,lesson
s00822,u0206,2026-04-21,368,streak
s00823,u0206,2026-04-22,308,home
s00824,u0206,2026-04-23,78,home
s00825,u0207,2026-04-20,74,home
s00826,u0207,2026-04-21,117,streak
s00827,u0207,2026-04-22,151,home
s00828,u0207,2026-04-23,273,streak
s00829,u0208,2026-04-20,377,lesson
s00830,u0208,2026-04-21,48,lesson
s00831,u0208,2026-04-22,312,home
s00832,u0208,2026-04-23,250,streak
s00833,u0209,2026-04-20,131,lesson
s00834,u0209,2026-04-21,89,home
s00835,u0209,2026-04-22,116,streak
s00836,u0209,2026-04-23,138,home
s00837,u0210,2026-04-20,275,lesson
s00838,u0210,2026-04-21,164,streak
s00839,u0210,2026-04-22,155,streak
s00840,u0210,2026-04-23,390,lesson
s00841,u0211,2026-04-20,234,lesson
s00842,u0211,2026-04-21,322,lesson
s00843,u0211,2026-04-22,68,lesson
s00844,u0211,2026-04-23,44,streak
s00845,u0212,2026-04-20,310,home
s00846,u0212,2026-04-21,157,home
s00847,u0212,2026-04-22,394,home
s00848,u0212,2026-04-23,283,streak
s00849,u0213,2026-04-20,328,streak
s00850,u0213,2026-04-21,56,streak
s00851,u0213,2026-04-22,201,home
s00852,u0213,2026-04-23,146,home
s00853,u0214,2026-04-20,163,streak
s00854,u0214,2026-04-21,239,streak
s00855,u0214,2026-04-22,316,streak
s00856,u0214,2026-04-23,236,lesson
s00857,u0215,2026-04-20,67,lesson
s00858,u0215,2026-04-21,263,home
s00859,u0215,2026-04-22,78,home
s00860,u0215,2026-04-23,349,lesson
s00861,u0216,2026-04-20,179,streak
s00862,u0216,2026-04-21,291,lesson
s00863,u0216,2026-04-22,222,home
s00864,u0216,2026-04-23,232,streak
s00865,u0217,2026-04-20,166,lesson
s00866,u0217,2026-04-21,77,streak
s00867,u0217,2026-04-22,177,home
s00868,u0217,2026-04-23,234,home
s00869,u0218,2026-04-20,42,home
s00870,u0218,2026-04-21,267,lesson
s00871,u0218,2026-04-22,178,lesson
s00872,u0218,2026-04-23,107,home
s00873,u0219,2026-04-20,53,home
s00874,u0219,2026-04-21,221,home
s00875,u0219,2026-04-22,87,streak
s00876,u0219,2026-04-23,346,streak
s00877,u0220,2026-04-20,164,streak
s00878,u0220,2026-04-21,306,streak
s00879,u0220,2026-04-22,390,home
s00880,u0220,2026-04-23,126,lesson
s00881,u0221,2026-04-20,181,lesson
s00882,u0221,2026-04-21,193,lesson
s00883,u0221,2026-04-22,79,lesson
s00884,u0221,2026-04-23,168,lesson
s00885,u0222,2026-04-20,43,lesson
s00886,u0222,2026-04-21,210,lesson
s00887,u0222,2026-04-22,234,streak
s00888,u0222,2026-04-23,265,lesson
s00889,u0223,2026-04-20,193,home
s00890,u0223,2026-04-21,348,lesson
s00891,u0223,2026-04-22,142,streak
s00892,u0223,2026-04-23,200,lesson
s00893,u0224,2026-04-20,164,streak
s00894,u0224,2026-04-21,232,lesson
s00895,u0224,2026-04-22,241,lesson
s00896,u0224,2026-04-23,98,lesson
s00897,u0225,2026-04-20,412,home
s00898,u0225,2026-04-21,402,lesson
s00899,u0225,2026-04-22,264,home
s00900,u0225,2026-04-23,394,lesson
s00901,u0226,2026-04-20,169,home
s00902,u0226,2026-04-21,118,streak
s00903,u0226,2026-04-22,256,streak
s00904,u0226,2026-04-23,77,lesson
s00905,u0227,2026-04-20,318,lesson
s00906,u0227,2026-04-21,224,home
s00907,u0227,2026-04-22,314,streak
s00908,u0227,2026-04-23,366,streak
s00909,u0228,2026-04-20,62,streak
s00910,u0228,2026-04-21,370,streak
s00911,u0228,2026-04-22,371,streak
s00912,u0228,2026-04-23,209,lesson
s00913,u0229,2026-04-20,305,streak
s00914,u0229,2026-04-21,337,streak
s00915,u0229,2026-04-22,334,streak
s00916,u0229,2026-04-23,268,home
s00917,u0230,2026-04-20,216,home
s00918,u0230,2026-04-21,287,home
s00919,u0230,2026-04-22,191,home
s00920,u0230,2026-04-23,83,lesson
s00921,u0231,2026-04-20,218,lesson
s00922,u0231,2026-04-21,89,lesson
s00923,u0231,2026-04-22,409,lesson
s00924,u0231,2026-04-23,271,streak
s00925,u0232,2026-04-20,371,lesson
s00926,u0232,2026-04-21,386,home
s00927,u0232,2026-04-22,419,home
s00928,u0232,2026-04-23,304,home
s00929,u0233,2026-04-20,362,lesson
s00930,u0233,2026-04-21,135,home
s00931,u0233,2026-04-22,376,streak
s00932,u0233,2026-04-23,242,lesson
s00933,u0234,2026-04-20,182,home
s00934,u0234,2026-04-21,72,streak
s00935,u0234,2026-04-22,92,streak
s00936,u0234,2026-04-23,135,streak
s00937,u0235,2026-04-20,310,lesson
s00938,u0235,2026-04-21,200,streak
s00939,u0235,2026-04-22,238,streak
s00940,u0235,2026-04-23,240,streak
s00941,u0236,2026-04-20,192,streak
s00942,u0236,2026-04-21,342,streak
s00943,u0236,2026-04-22,384,home
s00944,u0236,2026-04-23,200,home
s00945,u0237,2026-04-20,345,lesson
s00946,u0237,2026-04-21,334,home
s00947,u0237,2026-04-22,256,lesson
s00948,u0237,2026-04-23,289,home
s00949,u0238,2026-04-20,111,lesson
s00950,u0238,2026-04-21,201,home
s00951,u0238,2026-04-22,357,lesson
s00952,u0238,2026-04-23,223,home
s00953,u0239,2026-04-20,374,streak
s00954,u0239,2026-04-21,249,lesson
s00955,u0239,2026-04-22,291,streak
s00956,u0239,2026-04-23,403,lesson
s00957,u0240,2026-04-20,56,lesson
s00958,u0240,2026-04-21,155,lesson
s00959,u0240,2026-04-22,187,streak
s00960,u0240,2026-04-23,274,home
s00961,u0241,2026-04-27,177,home
s00962,u0241,2026-04-28,227,streak
s00963,u0241,2026-04-29,61,streak
s00964,u0241,2026-04-30,265,streak
s00965,u0242,2026-04-27,56,lesson
s00966,u0242,2026-04-28,174,lesson
s00967,u0242,2026-04-29,84,lesson
s00968,u0242,2026-04-30,100,lesson
s00969,u0243,2026-04-27,352,streak
s00970,u0243,2026-04-28,259,streak
s00971,u0243,2026-04-29,355,home
s00972,u0243,2026-04-30,145,home
s00973,u0244,2026-04-27,126,streak
s00974,u0244,2026-04-28,400,lesson
s00975,u0244,2026-04-29,188,lesson
s00976,u0244,2026-04-30,176,streak
s00977,u0245,2026-04-27,70,lesson
s00978,u0245,2026-04-28,375,lesson
s00979,u0245,2026-04-29,399,home
s00980,u0245,2026-04-30,167,home
s00981,u0246,2026-04-27,290,lesson
s00982,u0246,2026-04-28,335,home
s00983,u0246,2026-04-29,177,streak
s00984,u0246,2026-04-30,252,streak
s00985,u0247,2026-04-27,182,streak
s00986,u0247,2026-04-28,228,streak
s00987,u0247,2026-04-29,289,lesson
s00988,u0247,2026-04-30,337,lesson
s00989,u0248,2026-04-27,223,streak
s00990,u0248,2026-04-28,313,home
s00991,u0248,2026-04-29,151,lesson
s00992,u0248,2026-04-30,148,lesson
s00993,u0249,2026-04-27,215,lesson
s00994,u0249,2026-04-28,64,streak
s00995,u0249,2026-04-29,90,home
s00996,u0249,2026-04-30,275,streak
s00997,u0250,2026-04-27,143,lesson
s00998,u0250,2026-04-28,107,streak
s00999,u0250,2026-04-29,194,streak
s01000,u0250,2026-04-30,180,home
s01001,u0251,2026-04-27,242,home
s01002,u0251,2026-04-28,196,streak
s01003,u0251,2026-04-29,398,streak
s01004,u0251,2026-04-30,259,home
s01005,u0252,2026-04-27,267,streak
s01006,u0252,2026-04-28,44,home
s01007,u0252,2026-04-29,215,streak
s01008,u0252,2026-04-30,256,home
s01009,u0253,2026-04-27,200,home
s01010,u0253,2026-04-28,193,lesson
s01011,u0253,2026-04-29,235,home
s01012,u0253,2026-04-30,368,home
s01013,u0254,2026-04-27,219,lesson
s01014,u0254,2026-04-28,149,streak
s01015,u0254,2026-04-29,117,streak
s01016,u0254,2026-04-30,355,lesson
s01017,u0255,2026-04-27,413,streak
s01018,u0255,2026-04-28,219,lesson
s01019,u0255,2026-04-29,201,lesson
s01020,u0255,2026-04-30,166,home
s01021,u0256,2026-04-27,185,streak
s01022,u0256,2026-04-28,53,streak
s01023,u0256,2026-04-29,194,streak
s01024,u0256,2026-04-30,305,home
s01025,u0257,2026-04-27,293,home
s01026,u0257,2026-04-28,97,lesson
s01027,u0257,2026-04-29,295,home
s01028,u0257,2026-04-30,344,streak
s01029,u0258,2026-04-27,255,streak
s01030,u0258,2026-04-28,319,lesson
s01031,u0258,2026-04-29,128,streak
s01032,u0258,2026-04-30,77,lesson
s01033,u0259,2026-04-27,243,home
s01034,u0259,2026-04-28,186,streak
s01035,u0259,2026-04-29,404,streak
s01036,u0259,2026-04-30,252,streak
s01037,u0260,2026-04-27,198,home
s01038,u0260,2026-04-28,301,home
s01039,u0260,2026-04-29,119,home
s01040,u0260,2026-04-30,207,streak
s01041,u0261,2026-04-27,413,lesson
s01042,u0261,2026-04-28,69,home
s01043,u0261,2026-04-29,84,home
s01044,u0261,2026-04-30,99,lesson
s01045,u0262,2026-04-27,101,home
s01046,u0262,2026-04-28,402,home
s01047,u0262,2026-04-29,399,home
s01048,u0262,2026-04-30,123,home
s01049,u0263,2026-04-27,104,lesson
s01050,u0263,2026-04-28,177,streak
s01051,u0263,2026-04-29,100,streak
s01052,u0263,2026-04-30,211,home
s01053,u0264,2026-04-27,294,home
s01054,u0264,2026-04-28,301,lesson
s01055,u0264,2026-04-29,68,lesson
s01056,u0264,2026-04-30,330,lesson
s01057,u0265,2026-04-27,410,streak
s01058,u0265,2026-04-28,156,home
s01059,u0265,2026-04-29,300,streak
s01060,u0265,2026-04-30,62,home
s01061,u0266,2026-04-27,58,home
s01062,u0266,2026-04-28,405,streak
s01063,u0266,2026-04-29,375,streak
s01064,u0266,2026-04-30,154,lesson
s01065,u0267,2026-04-27,101,lesson
s01066,u0267,2026-04-28,384,streak
s01067,u0267,2026-04-29,131,home
s01068,u0267,2026-04-30,304,home
s01069,u0268,2026-04-27,323,home
s01070,u0268,2026-04-28,44,lesson
s01071,u0268,2026-04-29,142,lesson
s01072,u0268,2026-04-30,328,lesson
s01073,u0269,2026-04-27,415,home
s01074,u0269,2026-04-28,165,streak
s01075,u0269,2026-04-29,43,home
s01076,u0269,2026-04-30,52,lesson
s01077,u0270,2026-04-27,40,lesson
s01078,u0270,2026-04-28,232,streak
s01079,u0270,2026-04-29,412,streak
s01080,u0270,2026-04-30,93,lesson
s01081,u0271,2026-04-27,183,streak
s01082,u0271,2026-04-28,62,home
s01083,u0271,2026-04-29,306,home
s01084,u0271,2026-04-30,398,lesson
s01085,u0272,2026-04-27,366,home
s01086,u0272,2026-04-28,78,lesson
s01087,u0272,2026-04-29,330,streak
s01088,u0272,2026-04-30,262,home
s01089,u0273,2026-04-27,207,streak
s01090,u0273,2026-04-28,271,lesson
s01091,u0273,2026-04-29,159,lesson
s01092,u0273,2026-04-30,143,home
s01093,u0274,2026-04-27,278,lesson
s01094,u0274,2026-04-28,248,lesson
s01095,u0274,2026-04-29,314,home
s01096,u0274,2026-04-30,146,lesson
s01097,u0275,2026-04-27,396,streak
s01098,u0275,2026-04-28,60,streak
s01099,u0275,2026-04-29,207,home
s01100,u0275,2026-04-30,86,home
s01101,u0276,2026-04-27,129,lesson
s01102,u0276,2026-04-28,247,home
s01103,u0276,2026-04-29,324,lesson
s01104,u0276,2026-04-30,321,streak
s01105,u0277,2026-04-27,71,home
s01106,u0277,2026-04-28,106,home
s01107,u0277,2026-04-29,245,home
s01108,u0277,2026-04-30,391,lesson
s01109,u0278,2026-04-27,141,home
s01110,u0278,2026-04-28,267,streak
s01111,u0278,2026-04-29,87,home
s01112,u0278,2026-04-30,102,lesson
s01113,u0279,2026-04-27,242,streak
s01114,u0279,2026-04-28,55,lesson
s01115,u0279,2026-04-29,389,lesson
s01116,u0279,2026-04-30,128,lesson
s01117,u0280,2026-04-27,165,streak
s01118,u0280,2026-04-28,191,streak
s01119,u0280,2026-04-29,250,lesson
s01120,u0280,2026-04-30,285,streak
s01121,u0281,2026-04-27,167,streak
s01122,u0281,2026-04-28,318,streak
s01123,u0281,2026-04-29,235,home
s01124,u0281,2026-04-30,223,streak
s01125,u0282,2026-04-27,203,home
s01126,u0282,2026-04-28,152,streak
s01127,u0282,2026-04-29,183,home
s01128,u0282,2026-04-30,281,home
s01129,u0283,2026-04-27,376,home
s01130,u0283,2026-04-28,176,home
s01131,u0283,2026-04-29,417,streak
s01132,u0283,2026-04-30,152,home
s01133,u0284,2026-04-27,161,home
s01134,u0284,2026-04-28,202,streak
s01135,u0284,2026-04-29,397,streak
s01136,u0284,2026-04-30,342,lesson
s01137,u0285,2026-04-27,136,streak
s01138,u0285,2026-04-28,317,lesson
s01139,u0285,2026-04-29,129,lesson
s01140,u0285,2026-04-30,59,lesson
s01141,u0286,2026-04-27,143,streak
s01142,u0286,2026-04-28,214,home
s01143,u0286,2026-04-29,130,streak
s01144,u0286,2026-04-30,70,lesson
s01145,u0287,2026-04-27,231,home
s01146,u0287,2026-04-28,379,streak
s01147,u0287,2026-04-29,340,lesson
s01148,u0287,2026-04-30,212,home
s01149,u0288,2026-04-27,289,streak
s01150,u0288,2026-04-28,202,streak
s01151,u0288,2026-04-29,402,home
s01152,u0288,2026-04-30,395,streak
s01153,u0289,2026-04-27,392,streak
s01154,u0289,2026-04-28,105,lesson
s01155,u0289,2026-04-29,413,home
s01156,u0289,2026-04-30,399,home
s01157,u0290,2026-04-27,348,home
s01158,u0290,2026-04-28,353,lesson
s01159,u0290,2026-04-29,367,home
s01160,u0290,2026-04-30,93,streak
s01161,u0291,2026-04-27,85,streak
s01162,u0291,2026-04-28,383,streak
s01163,u0291,2026-04-29,413,streak
s01164,u0291,2026-04-30,268,lesson
s01165,u0292,2026-04-27,408,home
s01166,u0292,2026-04-28,64,home
s01167,u0292,2026-04-29,264,lesson
s01168,u0292,2026-04-30,254,streak
s01169,u0293,2026-04-27,335,lesson
s01170,u0293,2026-04-28,391,streak
s01171,u0293,2026-04-29,123,home
s01172,u0293,2026-04-30,77,lesson
s01173,u0294,2026-04-27,127,lesson
s01174,u0294,2026-04-28,122,lesson
s01175,u0294,2026-04-29,78,streak
s01176,u0294,2026-04-30,87,streak
s01177,u0295,2026-04-27,374,lesson
s01178,u0295,2026-04-28,350,home
s01179,u0295,2026-04-29,120,lesson
s01180,u0295,2026-04-30,91,home
s01181,u0296,2026-04-27,378,lesson
s01182,u0296,2026-04-28,192,lesson
s01183,u0296,2026-04-29,89,home
s01184,u0296,2026-04-30,241,home
s01185,u0297,2026-04-27,190,home
s01186,u0297,2026-04-28,360,streak
s01187,u0297,2026-04-29,285,streak
s01188,u0297,2026-04-30,89,home
s01189,u0298,2026-04-27,197,home
s01190,u0298,2026-04-28,281,lesson
s01191,u0298,2026-04-29,378,lesson
s01192,u0298,2026-04-30,86,lesson
s01193,u0299,2026-04-27,174,home
s01194,u0299,2026-04-28,278,lesson
s01195,u0299,2026-04-29,155,lesson
s01196,u0299,2026-04-30,328,lesson
s01197,u0300,2026-04-27,341,lesson
s01198,u0300,2026-04-28,323,home
s01199,u0300,2026-04-29,238,home
s01200,u0300,2026-04-30,254,streak
s01201,u0301,2026-04-27,193,lesson
s01202,u0301,2026-04-28,242,home
s01203,u0301,2026-04-29,57,streak
s01204,u0301,2026-04-30,332,streak
s01205,u0302,2026-04-27,128,lesson
s01206,u0302,2026-04-28,148,home
s01207,u0302,2026-04-29,104,home
s01208,u0302,2026-04-30,256,home
s01209,u0303,2026-04-27,344,home
s01210,u0303,2026-04-28,203,lesson
s01211,u0303,2026-04-29,74,streak
s01212,u0303,2026-04-30,238,home
s01213,u0304,2026-04-27,359,streak
s01214,u0304,2026-04-28,307,streak
s01215,u0304,2026-04-29,97,lesson
s01216,u0304,2026-04-30,116,lesson
s01217,u0305,2026-04-27,328,home
s01218,u0305,2026-04-28,186,home
s01219,u0305,2026-04-29,216,streak
s01220,u0305,2026-04-30,175,lesson
s01221,u0306,2026-04-27,351,streak
s01222,u0306,2026-04-28,395,streak
s01223,u0306,2026-04-29,59,lesson
s01224,u0306,2026-04-30,209,lesson
s01225,u0307,2026-04-27,195,lesson
s01226,u0307,2026-04-28,183,lesson
s01227,u0307,2026-04-29,396,lesson
s01228,u0307,2026-04-30,90,streak
s01229,u0308,2026-04-27,253,streak
s01230,u0308,2026-04-28,370,streak
s01231,u0308,2026-04-29,136,home
s01232,u0308,2026-04-30,148,lesson
s01233,u0309,2026-04-27,303,home
s01234,u0309,2026-04-28,73,home
s01235,u0309,2026-04-29,403,lesson
s01236,u0309,2026-04-30,246,streak
s01237,u0310,2026-04-27,142,home
s01238,u0310,2026-04-28,167,home
s01239,u0310,2026-04-29,273,home
s01240,u0310,2026-04-30,224,home
s01241,u0311,2026-04-27,388,home
s01242,u0311,2026-04-28,163,home
s01243,u0311,2026-04-29,290,lesson
s01244,u0311,2026-04-30,268,streak
s01245,u0312,2026-04-27,392,streak
s01246,u0312,2026-04-28,185,home
s01247,u0312,2026-04-29,237,home
s01248,u0312,2026-04-30,123,home
s01249,u0313,2026-04-27,145,streak
s01250,u0313,2026-04-28,373,lesson
s01251,u0313,2026-04-29,302,lesson
s01252,u0313,2026-04-30,389,home
s01253,u0314,2026-04-27,154,home
s01254,u0314,2026-04-28,351,lesson
s01255,u0314,2026-04-29,404,lesson
s01256,u0314,2026-04-30,369,streak
s01257,u0315,2026-04-27,306,streak
s01258,u0315,2026-04-28,243,streak
s01259,u0315,2026-04-29,92,streak
s01260,u0315,2026-04-30,301,home
s01261,u0316,2026-04-27,184,streak
s01262,u0316,2026-04-28,390,lesson
s01263,u0316,2026-04-29,286,home
s01264,u0316,2026-04-30,212,home
s01265,u0317,2026-04-27,192,streak
s01266,u0317,2026-04-28,116,home
s01267,u0317,2026-04-29,163,streak
s01268,u0317,2026-04-30,347,home
s01269,u0318,2026-04-27,191,lesson
s01270,u0318,2026-04-28,254,lesson
s01271,u0318,2026-04-29,238,lesson
s01272,u0318,2026-04-30,58,streak
s01273,u0319,2026-04-27,366,streak
s01274,u0319,2026-04-28,383,lesson
s01275,u0319,2026-04-29,299,lesson
s01276,u0319,2026-04-30,127,lesson
s01277,u0320,2026-04-27,172,streak
s01278,u0320,2026-04-28,326,streak
s01279,u0320,2026-04-29,388,home
s01280,u0320,2026-04-30,375,lesson
s01281,u0321,2026-05-04,209,comeback
s01282,u0321,2026-05-05,173,streak
s01283,u0321,2026-05-06,277,streak
s01284,u0321,2026-05-07,280,home
s01285,u0321,2026-05-08,364,home
s01286,u0322,2026-05-04,110,comeback
s01287,u0322,2026-05-05,215,lesson
s01288,u0322,2026-05-06,331,comeback
s01289,u0322,2026-05-07,113,comeback
s01290,u0322,2026-05-08,406,streak
s01291,u0323,2026-05-04,364,comeback
s01292,u0323,2026-05-05,246,comeback
s01293,u0323,2026-05-06,284,comeback
s01294,u0323,2026-05-07,42,comeback
s01295,u0323,2026-05-08,313,home
s01296,u0324,2026-05-04,297,comeback
s01297,u0324,2026-05-05,125,streak
s01298,u0324,2026-05-06,63,home
s01299,u0324,2026-05-07,188,streak
s01300,u0324,2026-05-08,412,comeback
s01301,u0325,2026-05-04,154,lesson
s01302,u0325,2026-05-05,148,lesson
s01303,u0325,2026-05-06,341,home
s01304,u0325,2026-05-07,103,lesson
s01305,u0325,2026-05-08,404,streak
s01306,u0326,2026-05-04,103,comeback
s01307,u0326,2026-05-05,282,streak
s01308,u0326,2026-05-06,145,lesson
s01309,u0326,2026-05-07,194,home
s01310,u0326,2026-05-08,378,comeback
s01311,u0327,2026-05-04,174,lesson
s01312,u0327,2026-05-05,223,lesson
s01313,u0327,2026-05-06,191,comeback
s01314,u0327,2026-05-07,60,lesson
s01315,u0327,2026-05-08,146,comeback
s01316,u0328,2026-05-04,171,home
s01317,u0328,2026-05-05,273,lesson
s01318,u0328,2026-05-06,175,streak
s01319,u0328,2026-05-07,65,comeback
s01320,u0328,2026-05-08,129,home
s01321,u0329,2026-05-04,208,lesson
s01322,u0329,2026-05-05,264,streak
s01323,u0329,2026-05-06,415,streak
s01324,u0329,2026-05-07,230,home
s01325,u0329,2026-05-08,133,streak
s01326,u0330,2026-05-04,121,home
s01327,u0330,2026-05-05,253,home
s01328,u0330,2026-05-06,331,comeback
s01329,u0330,2026-05-07,132,comeback
s01330,u0330,2026-05-08,223,comeback
s01331,u0331,2026-05-04,173,home
s01332,u0331,2026-05-05,46,streak
s01333,u0331,2026-05-06,382,lesson
s01334,u0331,2026-05-07,305,streak
s01335,u0331,2026-05-08,261,home
s01336,u0332,2026-05-04,293,comeback
s01337,u0332,2026-05-05,78,lesson
s01338,u0332,2026-05-06,204,comeback
s01339,u0332,2026-05-07,209,lesson
s01340,u0332,2026-05-08,65,streak
s01341,u0333,2026-05-04,92,home
s01342,u0333,2026-05-05,251,comeback
s01343,u0333,2026-05-06,325,home
s01344,u0333,2026-05-07,86,home
s01345,u0333,2026-05-08,300,streak
s01346,u0334,2026-05-04,406,streak
s01347,u0334,2026-05-05,98,comeback
s01348,u0334,2026-05-06,377,home
s01349,u0334,2026-05-07,41,lesson
s01350,u0334,2026-05-08,221,streak
s01351,u0335,2026-05-04,409,comeback
s01352,u0335,2026-05-05,94,comeback
s01353,u0335,2026-05-06,352,streak
s01354,u0335,2026-05-07,136,lesson
s01355,u0335,2026-05-08,241,home
s01356,u0336,2026-05-04,295,lesson
s01357,u0336,2026-05-05,311,home
s01358,u0336,2026-05-06,323,home
s01359,u0336,2026-05-07,339,comeback
s01360,u0336,2026-05-08,300,comeback
s01361,u0337,2026-05-04,236,comeback
s01362,u0337,2026-05-05,351,comeback
s01363,u0337,2026-05-06,180,lesson
s01364,u0337,2026-05-07,215,comeback
s01365,u0337,2026-05-08,271,streak
s01366,u0338,2026-05-04,359,lesson
s01367,u0338,2026-05-05,391,streak
s01368,u0338,2026-05-06,384,streak
s01369,u0338,2026-05-07,403,lesson
s01370,u0338,2026-05-08,297,lesson
s01371,u0339,2026-05-04,256,streak
s01372,u0339,2026-05-05,307,home
s01373,u0339,2026-05-06,52,home
s01374,u0339,2026-05-07,114,comeback
s01375,u0339,2026-05-08,383,home
s01376,u0340,2026-05-04,317,comeback
s01377,u0340,2026-05-05,223,home
s01378,u0340,2026-05-06,92,comeback
s01379,u0340,2026-05-07,420,lesson
s01380,u0340,2026-05-08,161,comeback
s01381,u0341,2026-05-04,67,comeback
s01382,u0341,2026-05-05,420,home
s01383,u0341,2026-05-06,143,streak
s01384,u0341,2026-05-07,155,comeback
s01385,u0341,2026-05-08,341,streak
s01386,u0342,2026-05-04,182,comeback
s01387,u0342,2026-05-05,106,streak
s01388,u0342,2026-05-06,339,lesson
s01389,u0342,2026-05-07,42,streak
s01390,u0342,2026-05-08,278,streak
s01391,u0343,2026-05-04,309,streak
s01392,u0343,2026-05-05,134,lesson
s01393,u0343,2026-05-06,298,home
s01394,u0343,2026-05-07,252,lesson
s01395,u0343,2026-05-08,87,comeback
s01396,u0344,2026-05-04,382,home
s01397,u0344,2026-05-05,268,streak
s01398,u0344,2026-05-06,368,lesson
s01399,u0344,2026-05-07,60,lesson
s01400,u0344,2026-05-08,235,streak
s01401,u0345,2026-05-04,204,lesson
s01402,u0345,2026-05-05,89,home
s01403,u0345,2026-05-06,315,lesson
s01404,u0345,2026-05-07,360,home
s01405,u0345,2026-05-08,147,home
s01406,u0346,2026-05-04,391,home
s01407,u0346,2026-05-05,52,lesson
s01408,u0346,2026-05-06,407,comeback
s01409,u0346,2026-05-07,59,streak
s01410,u0346,2026-05-08,77,home
s01411,u0347,2026-05-04,384,comeback
s01412,u0347,2026-05-05,313,home
s01413,u0347,2026-05-06,368,home
s01414,u0347,2026-05-07,339,home
s01415,u0347,2026-05-08,398,home
s01416,u0348,2026-05-04,55,comeback
s01417,u0348,2026-05-05,120,comeback
s01418,u0348,2026-05-06,109,lesson
s01419,u0348,2026-05-07,319,comeback
s01420,u0348,2026-05-08,364,streak
s01421,u0349,2026-05-04,103,comeback
s01422,u0349,2026-05-05,42,home
s01423,u0349,2026-05-06,315,comeback
s01424,u0349,2026-05-07,196,home
s01425,u0349,2026-05-08,419,lesson
s01426,u0350,2026-05-04,330,comeback
s01427,u0350,2026-05-05,321,home
s01428,u0350,2026-05-06,370,comeback
s01429,u0350,2026-05-07,188,home
s01430,u0350,2026-05-08,168,home
s01431,u0351,2026-05-04,270,comeback
s01432,u0351,2026-05-05,355,streak
s01433,u0351,2026-05-06,395,streak
s01434,u0351,2026-05-07,329,lesson
s01435,u0351,2026-05-08,201,streak
s01436,u0352,2026-05-04,285,comeback
s01437,u0352,2026-05-05,268,comeback
s01438,u0352,2026-05-06,196,streak
s01439,u0352,2026-05-07,322,comeback
s01440,u0352,2026-05-08,129,home
s01441,u0353,2026-05-04,342,comeback
s01442,u0353,2026-05-05,58,lesson
s01443,u0353,2026-05-06,318,streak
s01444,u0353,2026-05-07,374,comeback
s01445,u0353,2026-05-08,227,lesson
s01446,u0354,2026-05-04,45,comeback
s01447,u0354,2026-05-05,354,lesson
s01448,u0354,2026-05-06,303,lesson
s01449,u0354,2026-05-07,268,lesson
s01450,u0354,2026-05-08,131,lesson
s01451,u0355,2026-05-04,159,comeback
s01452,u0355,2026-05-05,382,home
s01453,u0355,2026-05-06,305,lesson
s01454,u0355,2026-05-07,238,streak
s01455,u0355,2026-05-08,272,comeback
s01456,u0356,2026-05-04,304,home
s01457,u0356,2026-05-05,232,streak
s01458,u0356,2026-05-06,304,lesson
s01459,u0356,2026-05-07,220,comeback
s01460,u0356,2026-05-08,289,streak
s01461,u0357,2026-05-04,378,home
s01462,u0357,2026-05-05,252,lesson
s01463,u0357,2026-05-06,408,streak
s01464,u0357,2026-05-07,286,home
s01465,u0357,2026-05-08,285,comeback
s01466,u0358,2026-05-04,68,comeback
s01467,u0358,2026-05-05,172,lesson
s01468,u0358,2026-05-06,304,lesson
s01469,u0358,2026-05-07,346,comeback
s01470,u0358,2026-05-08,408,home
s01471,u0359,2026-05-04,133,comeback
s01472,u0359,2026-05-05,125,streak
s01473,u0359,2026-05-06,272,streak
s01474,u0359,2026-05-07,157,home
s01475,u0359,2026-05-08,237,comeback
s01476,u0360,2026-05-04,87,home
s01477,u0360,2026-05-05,377,comeback
s01478,u0360,2026-05-06,348,lesson
s01479,u0360,2026-05-07,387,home
s01480,u0360,2026-05-08,307,comeback
s01481,u0361,2026-05-04,257,home
s01482,u0361,2026-05-05,170,lesson
s01483,u0361,2026-05-06,159,comeback
s01484,u0361,2026-05-07,185,home
s01485,u0361,2026-05-08,171,comeback
s01486,u0362,2026-05-04,173,streak
s01487,u0362,2026-05-05,329,comeback
s01488,u0362,2026-05-06,353,streak
s01489,u0362,2026-05-07,388,streak
s01490,u0362,2026-05-08,144,comeback
s01491,u0363,2026-05-04,416,comeback
s01492,u0363,2026-05-05,377,lesson
s01493,u0363,2026-05-06,157,home
s01494,u0363,2026-05-07,398,comeback
s01495,u0363,2026-05-08,91,lesson
s01496,u0364,2026-05-04,114,comeback
s01497,u0364,2026-05-05,347,comeback
s01498,u0364,2026-05-06,85,comeback
s01499,u0364,2026-05-07,174,home
s01500,u0364,2026-05-08,229,lesson
s01501,u0365,2026-05-04,143,home
s01502,u0365,2026-05-05,139,streak
s01503,u0365,2026-05-06,346,home
s01504,u0365,2026-05-07,354,lesson
s01505,u0365,2026-05-08,385,lesson
s01506,u0366,2026-05-04,417,comeback
s01507,u0366,2026-05-05,86,home
s01508,u0366,2026-05-06,411,streak
s01509,u0366,2026-05-07,217,streak
s01510,u0366,2026-05-08,155,streak
s01511,u0367,2026-05-04,315,comeback
s01512,u0367,2026-05-05,395,streak
s01513,u0367,2026-05-06,233,comeback
s01514,u0367,2026-05-07,164,comeback
s01515,u0367,2026-05-08,274,streak
s01516,u0368,2026-05-04,398,home
s01517,u0368,2026-05-05,167,streak
s01518,u0368,2026-05-06,87,streak
s01519,u0368,2026-05-07,384,comeback
s01520,u0368,2026-05-08,78,streak
s01521,u0369,2026-05-04,145,streak
s01522,u0369,2026-05-05,143,lesson
s01523,u0369,2026-05-06,356,lesson
s01524,u0369,2026-05-07,119,streak
s01525,u0369,2026-05-08,101,home
s01526,u0370,2026-05-04,334,comeback
s01527,u0370,2026-05-05,291,streak
s01528,u0370,2026-05-06,301,lesson
s01529,u0370,2026-05-07,243,streak
s01530,u0370,2026-05-08,335,lesson
s01531,u0371,2026-05-04,201,lesson
s01532,u0371,2026-05-05,44,streak
s01533,u0371,2026-05-06,385,home
s01534,u0372,2026-05-04,215,streak
s01535,u0372,2026-05-05,134,lesson
s01536,u0372,2026-05-06,257,lesson
s01537,u0373,2026-05-04,409,home
s01538,u0373,2026-05-05,160,lesson
s01539,u0373,2026-05-06,261,streak
s01540,u0374,2026-05-04,304,streak
s01541,u0374,2026-05-05,408,streak
s01542,u0374,2026-05-06,289,lesson
s01543,u0375,2026-05-04,211,lesson
s01544,u0375,2026-05-05,224,lesson
s01545,u0375,2026-05-06,326,lesson
s01546,u0376,2026-05-04,221,lesson
s01547,u0376,2026-05-05,384,lesson
s01548,u0376,2026-05-06,289,streak
s01549,u0377,2026-05-04,363,lesson
s01550,u0377,2026-05-05,332,streak
s01551,u0377,2026-05-06,76,lesson
s01552,u0378,2026-05-04,306,streak
s01553,u0378,2026-05-05,251,lesson
s01554,u0378,2026-05-06,134,home
s01555,u0379,2026-05-04,282,home
s01556,u0379,2026-05-05,67,streak
s01557,u0379,2026-05-06,243,home
s01558,u0380,2026-05-04,185,streak
s01559,u0380,2026-05-05,360,lesson
s01560,u0380,2026-05-06,107,home
s01561,u0381,2026-05-04,397,home
s01562,u0381,2026-05-05,130,streak
s01563,u0381,2026-05-06,345,streak
s01564,u0382,2026-05-04,266,home
s01565,u0382,2026-05-05,227,lesson
s01566,u0382,2026-05-06,173,lesson
s01567,u0383,2026-05-04,284,lesson
s01568,u0383,2026-05-05,44,lesson
s01569,u0383,2026-05-06,189,lesson
s01570,u0384,2026-05-04,80,lesson
s01571,u0384,2026-05-05,360,lesson
s01572,u0384,2026-05-06,304,home
s01573,u0385,2026-05-04,133,home
s01574,u0385,2026-05-05,188,home
s01575,u0385,2026-05-06,366,home
s01576,u0386,2026-05-04,177,lesson
s01577,u0386,2026-05-05,406,home
s01578,u0386,2026-05-06,412,lesson
s01579,u0387,2026-05-04,114,home
s01580,u0387,2026-05-05,176,home
s01581,u0387,2026-05-06,76,lesson
s01582,u0388,2026-05-04,266,lesson
s01583,u0388,2026-05-05,417,home
s01584,u0388,2026-05-06,141,home
s01585,u0389,2026-05-04,306,streak
s01586,u0389,2026-05-05,169,home
s01587,u0389,2026-05-06,366,lesson
s01588,u0390,2026-05-04,242,home
s01589,u0390,2026-05-05,44,home
s01590,u0390,2026-05-06,337,home
s01591,u0391,2026-05-04,70,streak
s01592,u0391,2026-05-05,222,home
s01593,u0391,2026-05-06,118,streak
s01594,u0392,2026-05-04,392,home
s01595,u0392,2026-05-05,223,lesson
s01596,u0392,2026-05-06,108,streak
s01597,u0393,2026-05-04,180,lesson
s01598,u0393,2026-05-05,323,streak
s01599,u0393,2026-05-06,75,home
s01600,u0394,2026-05-04,226,streak
s01601,u0394,2026-05-05,162,streak
s01602,u0394,2026-05-06,409,lesson
s01603,u0395,2026-05-04,204,streak
s01604,u0395,2026-05-05,89,home
s01605,u0395,2026-05-06,377,streak
s01606,u0396,2026-05-04,376,lesson
s01607,u0396,2026-05-05,309,lesson
s01608,u0396,2026-05-06,399,streak
s01609,u0397,2026-05-04,71,streak
s01610,u0397,2026-05-05,325,lesson
s01611,u0397,2026-05-06,252,streak
s01612,u0398,2026-05-04,89,streak
s01613,u0398,2026-05-05,411,home
s01614,u0398,2026-05-06,312,home
s01615,u0399,2026-05-04,385,lesson
s01616,u0399,2026-05-05,399,lesson
s01617,u0399,2026-05-06,258,streak
s01618,u0400,2026-05-04,201,lesson
s01619,u0400,2026-05-05,206,streak
s01620,u0400,2026-05-06,251,lesson
s01621,u0401,2026-05-04,269,lesson
s01622,u0401,2026-05-05,40,lesson
s01623,u0401,2026-05-06,57,streak
s01624,u0402,2026-05-04,181,streak
s01625,u0402,2026-05-05,301,streak
s01626,u0402,2026-05-06,332,streak
s01627,u0403,2026-05-04,332,home
s01628,u0403,2026-05-05,331,lesson
s01629,u0403,2026-05-06,415,home
s01630,u0404,2026-05-04,335,streak
s01631,u0404,2026-05-05,80,lesson
s01632,u0404,2026-05-06,211,home
s01633,u0405,2026-05-04,235,streak
s01634,u0405,2026-05-05,196,home
s01635,u0405,2026-05-06,61,streak
s01636,u0406,2026-05-04,334,streak
s01637,u0406,2026-05-05,86,streak
s01638,u0406,2026-05-06,261,home
s01639,u0407,2026-05-04,106,streak
s01640,u0407,2026-05-05,286,home
s01641,u0407,2026-05-06,141,streak
s01642,u0408,2026-05-04,85,streak
s01643,u0408,2026-05-05,383,home
s01644,u0408,2026-05-06,256,lesson
s01645,u0409,2026-05-04,114,streak
s01646,u0409,2026-05-05,62,lesson
s01647,u0409,2026-05-06,142,home
s01648,u0410,2026-05-04,47,lesson
s01649,u0410,2026-05-05,395,lesson
s01650,u0410,2026-05-06,196,home
s01651,u0411,2026-05-04,382,streak
s01652,u0411,2026-05-05,232,home
s01653,u0411,2026-05-06,379,streak
s01654,u0412,2026-05-04,178,streak
s01655,u0412,2026-05-05,377,streak
s01656,u0412,2026-05-06,95,lesson
s01657,u0413,2026-05-04,312,streak
s01658,u0413,2026-05-05,135,home
s01659,u0413,2026-05-06,296,home
s01660,u0414,2026-05-04,220,streak
s01661,u0414,2026-05-05,360,lesson
s01662,u0414,2026-05-06,160,lesson
s01663,u0415,2026-05-04,155,lesson
s01664,u0415,2026-05-05,214,home
s01665,u0415,2026-05-06,376,lesson
s01666,u0416,2026-05-04,208,streak
s01667,u0416,2026-05-05,317,lesson
s01668,u0416,2026-05-06,145,home
s01669,u0417,2026-05-04,114,lesson
s01670,u0417,2026-05-05,329,streak
s01671,u0417,2026-05-06,202,home
s01672,u0418,2026-05-04,195,lesson
s01673,u0418,2026-05-05,366,lesson
s01674,u0418,2026-05-06,180,streak
s01675,u0419,2026-05-04,223,home
s01676,u0419,2026-05-05,392,home
s01677,u0419,2026-05-06,108,lesson
s01678,u0420,2026-05-04,178,home
s01679,u0420,2026-05-05,153,lesson
s01680,u0420,2026-05-06,383,streak
s01681,u0321,2026-05-04,95,streak
s01682,u0322,2026-05-05,180,lesson
s01683,u0323,2026-05-06,240,home
s01684,u0324,2026-05-07,310,comeback
s01685,u0325,2026-05-08,60,streak
s01686,u0326,2026-05-04,400,lesson
s01687,u0327,2026-05-05,150,home
s01688,u0328,2026-05-06,95,comeback
s01689,u0329,2026-05-07,180,streak
s01690,u0330,2026-05-08,240,lesson
s01691,u0331,2026-05-04,310,home
s01692,u0332,2026-05-05,60,comeback
s01693,u0333,2026-05-06,400,streak
s01694,u0334,2026-05-07,150,lesson
s01695,u0335,2026-05-08,95,home
s01696,u0371,2026-05-04,95,streak
s01697,u0372,2026-05-05,180,lesson
s01698,u0373,2026-05-06,240,home
s01699,u0374,2026-05-07,310,comeback
s01700,u0375,2026-05-08,60,streak
s01701,u0376,2026-05-04,400,lesson
s01702,u0377,2026-05-05,150,home
s01703,u0378,2026-05-06,95,comeback
s01704,u0379,2026-05-07,180,streak
s01705,u0380,2026-05-08,240,lesson
s01706,u0381,2026-05-04,310,home
s01707,u0382,2026-05-05,60,comeback
s01708,u0383,2026-05-06,400,streak
s01709,u0384,2026-05-07,150,lesson
s01710,u0385,2026-05-08,95,home
s01711,u0386,2026-05-04,180,comeback
s01712,u0387,2026-05-05,240,streak
s01713,u0388,2026-05-06,310,lesson
s01714,u0389,2026-05-07,60,home
s01715,u0390,2026-05-08,400,comeback
s01716,u0391,2026-05-04,150,streak
s01717,u0392,2026-05-05,95,lesson
s01718,u0393,2026-05-06,180,home
s01719,u0394,2026-05-07,240,comeback
s01720,u0395,2026-05-08,310,streak
s01721,u0396,2026-05-04,60,lesson
s01722,u0397,2026-05-05,400,home
s01723,u0398,2026-05-06,150,comeback
s01724,u0399,2026-05-07,95,streak
s01725,u0400,2026-05-08,180,lesson
s01726,u0401,2026-05-04,240,home
s01727,u0402,2026-05-05,310,comeback
s01728,u0403,2026-05-06,60,streak
s01729,u0404,2026-05-07,400,lesson
s01730,u0405,2026-05-08,150,home
